,patient_ID,study,study_description,series,series_description,subseries,modality,instances,instance_uid,reference_ct,reference_rs,reference_pl,reference_frame,folder,orientation,orientation_type,MR_repetition_time,MR_echo_time,MR_scan_sequence,MR_magnetic_field_strength,MR_imaged_nucleus,file_path
0,ISPY2-100899,1.3.6.1.4.1.14519.5.2.1.191407311082200176460176232508943888595,ISPY2_MRI_T0,1.3.6.1.4.1.14519.5.2.1.313330782407390298344661311370946136238,ISPY2: SCOUT ISPY2,1,MR,51,1.3.6.1.4.1.14519.5.2.1.20866252507424312726240493728298306,,,,1.3.6.1.4.1.14519.5.2.1.212623709218636602052074673083268877942,Breast/ISPY2-100899/MR,"[-1, -0, 0, -0, -1, 0]",,768.032,81.472,SE,1.5,1H,Breast/ISPY2-100899/MR/1-01.dcm
1,ISPY2-100899,1.3.6.1.4.1.14519.5.2.1.191407311082200176460176232508943888595,ISPY2_MRI_T0,1.3.6.1.4.1.14519.5.2.1.170670992519727173038447879955287778091,ISPY2: VOLSER: uni-lateral cropped: Analysis Mask,default,SEG,1,1.3.6.1.4.1.14519.5.2.1.324382952265389843724871101772839072959,,,,1.3.6.1.4.1.14519.5.2.1.212623709218636602052074673083268877942,Breast/ISPY2-100899/SEG,,,,,,,,Breast/ISPY2-100899/SEG/1-1.dcm
